{"timestamp": "2025-11-13T20:47:06.686095", "symbols": ["AAPL", "GOOGL", "META", "MSFT", "NVDA"], "data": {"expected_returns": [0.26742089601217883, 0.3058679877772482, 0.4797219109444923, 0.7448641461927734, -0.10554731114347252], "covariance_matrix": [[0.1208514225203378, 0.04501817090662933, 0.06289198382082335, 0.08510237216097986, 0.07368705498105571], [0.04501817090662933, 0.05785354376549969, 0.04156064729488692, 0.07844243030779556, 0.07289850436315579], [0.06289198382082335, 0.04156064729488692, 0.1101213125099024, 0.07651791320758547, 0.06224217168242158], [0.08510237216097986, 0.07844243030779556, 0.07651791320758547, 0.22394250766526477, 0.12432838649800448], [0.07368705498105571, 0.07289850436315579, 0.06224217168242158, 0.12432838649800448, 0.1664789390612729]], "symbols": ["AAPL", "MSFT", "GOOGL", "NVDA", "META"], "data_points": 195}}