{"timestamp": "2025-11-13T20:46:04.948094", "symbols": ["DIA", "IWM", "QQQ", "SPY", "VTI"], "data": {"expected_returns": [0.1861924743864568, 0.24918702515635258, 0.12030319447349999, 0.11957587262491923, 0.17373613637302449], "covariance_matrix": [[0.04439245238087456, 0.05139835166601203, 0.044784778465688145, 0.03544741945437251, 0.04402158574869408], [0.05139835166601203, 0.06236484238206291, 0.05094930100428282, 0.039212733363404396, 0.05102648477539676], [0.044784778465688145, 0.05094930100428282, 0.05741774035188425, 0.03802868144892807, 0.04548624600126267], [0.03544741945437251, 0.039212733363404396, 0.03802868144892807, 0.032028902686931975, 0.0354074672513992], [0.04402158574869408, 0.05102648477539676, 0.04548624600126267, 0.0354074672513992, 0.04388710973742382]], "symbols": ["SPY", "QQQ", "IWM", "DIA", "VTI"], "data_points": 195}}