{"timestamp": "2025-11-13T17:34:07.982211", "symbols": ["DIA", "IWM", "QQQ", "SPY"], "data": {"expected_returns": [0.1861924743864568, 0.24918702515635258, 0.12030319447349999, 0.11957587262491923], "covariance_matrix": [[0.04439245238087456, 0.05139835166601203, 0.044784778465688145, 0.03544741945437251], [0.05139835166601203, 0.06236484238206291, 0.05094930100428282, 0.039212733363404396], [0.044784778465688145, 0.05094930100428282, 0.05741774035188425, 0.03802868144892807], [0.03544741945437251, 0.039212733363404396, 0.03802868144892807, 0.032028902686931975]], "symbols": ["SPY", "QQQ", "IWM", "DIA"], "data_points": 195}}